{"nobody": {"w": 6.9010751660439, "a": 7.892784215525818, "s": 5.4950940829475545, "d": 7.150093719288709}, "1,1": {"w": 6.052211786413824, "a": 7.541308249999996, "s": 4.825425334805793, "d": 5.175948299936715}, "0,1": {"w": 7.2885389271874965, "a": 6.9902022538198265, "s": 7.293286239775184, "d": 5.43558387600749}, "1,0": {"w": 6.078836037463378, "a": 2.43758559865625, "s": 4.7375838012092935, "d": 1.223878821875}, "0,1,1,0,1,1": {"w": 3.5863468392812496, "a": -0.85, "s": 0, "d": -0.85}, "1,0,0,1,1,1": {"w": 7.999999999999916, "a": 9.999999999995612, "s": 7.999999998961106, "d": 9.999999999999995}}